500x500,62500,1200
500x500,62500,1297
500x500,62500,2824
500x500,62500,40555
500x500,62500,9835
500x500,62500,28743
500x500,62500,1940
500x500,62500,4120
500x500,62500,1107
500x500,62500,1385
500x500,62500,49259
500x500,62500,1991
500x500,62500,4759
500x500,62500,1039
500x500,62500,1621
500x500,62500,22033
500x500,62500,2289
500x500,62500,4291
500x500,62500,19127
500x500,62500,14358
500x500,62500,1003
500x500,62500,5899
500x500,62500,11784
500x500,62500,2227
500x500,62500,2833
500x500,62500,1180
500x500,62500,8148
500x500,62500,5238
500x500,62500,1007
500x500,62500,4190
500x500,62500,1133
500x500,62500,8976
500x500,62500,4033
500x500,62500,4060
500x500,62500,3527
500x500,62500,11948
500x500,62500,8563
500x500,62500,1052
500x500,62500,3613
500x500,62500,12932
500x500,62500,19648
500x500,62500,1000
500x500,62500,2921
500x500,62500,4136
500x500,62500,6608
500x500,62500,1567
500x500,62500,2112
500x500,62500,4405
500x500,62500,1055
500x500,62500,1902
500x500,62500,24814
500x500,62500,27051
500x500,62500,3957
500x500,62500,1725
500x500,62500,10936
500x500,62500,41561
500x500,62500,10426
500x500,62500,2634
500x500,62500,1565
500x500,62500,66597
500x500,62500,3101
500x500,62500,1345
500x500,62500,2049
500x500,62500,5348
500x500,62500,40851
500x500,62500,1252
500x500,62500,2894
500x500,62500,15087
500x500,62500,4373
500x500,62500,25567
500x500,62500,2103
500x500,62500,22290
500x500,62500,63967
500x500,62500,13942
500x500,62500,20231
500x500,62500,1648
500x500,62500,12896
500x500,62500,17129
500x500,62500,5250
500x500,62500,26111
500x500,62500,15426
500x500,62500,4927
500x500,62500,23136
500x500,62500,5380
500x500,62500,12897
500x500,62500,1911
500x500,62500,24199
500x500,62500,2107
500x500,62500,1108
500x500,62500,13182
500x500,62500,55865
500x500,62500,1616
500x500,62500,37231
500x500,62500,4670
500x500,62500,37845
500x500,62500,49893
500x500,62500,1780
500x500,62500,1085
500x500,62500,6903
500x500,62500,1728
