50x50,625,13
50x50,625,25
50x50,625,10
50x50,625,20
50x50,625,16
50x50,625,12
50x50,625,11
50x50,625,10
50x50,625,14
50x50,625,15
50x50,625,14
50x50,625,17
50x50,625,21
50x50,625,19
50x50,625,16
50x50,625,23
50x50,625,18
50x50,625,12
50x50,625,11
50x50,625,14
50x50,625,11
50x50,625,36
50x50,625,13
50x50,625,14
50x50,625,18
50x50,625,14
50x50,625,12
50x50,625,11
50x50,625,35
50x50,625,30
50x50,625,12
50x50,625,12
50x50,625,12
50x50,625,14
50x50,625,12
50x50,625,11
50x50,625,21
50x50,625,12
50x50,625,14
50x50,625,20
50x50,625,27
50x50,625,11
50x50,625,10
50x50,625,10
50x50,625,11
50x50,625,14
50x50,625,12
50x50,625,10
50x50,625,24
50x50,625,16
50x50,625,12
50x50,625,12
50x50,625,10
50x50,625,13
50x50,625,12
50x50,625,11
50x50,625,16
50x50,625,56
50x50,625,13
50x50,625,10
50x50,625,13
50x50,625,13
50x50,625,11
50x50,625,14
50x50,625,12
50x50,625,39
50x50,625,11
50x50,625,17
50x50,625,12
50x50,625,13
50x50,625,13
50x50,625,11
50x50,625,10
50x50,625,16
50x50,625,15
50x50,625,14
50x50,625,32
50x50,625,17
50x50,625,11
50x50,625,10
50x50,625,13
50x50,625,12
50x50,625,13
50x50,625,15
50x50,625,23
50x50,625,12
50x50,625,11
50x50,625,34
50x50,625,11
50x50,625,23
50x50,625,11
50x50,625,11
50x50,625,11
50x50,625,15
50x50,625,12
50x50,625,13
50x50,625,13
50x50,625,15
50x50,625,13
50x50,625,24
